时段,短期预测风速,短期预测功率,实测风速,实测功率
20180814,短期预测风速(m/s),短期预测功率(MW),实测风速(m/s),实测功率(MW)
00:00,10.61,40.50,12.73,50.09
00:15,10.57,40.30,9.41,36.47
00:30,10.51,40.06,11.03,48.65
00:45,10.37,39.62,12.02,48.34
01:00,10.11,38.82,13.31,43.25
01:15,9.79,37.75,12.51,46.37
01:30,9.75,37.59,12.30,50.67
01:45,9.69,37.36,11.48,42.46
02:00,9.62,37.11,10.75,48.38
02:15,9.56,36.87,10.24,46.03
02:30,9.47,36.56,11.02,49.45
02:45,9.38,36.20,10.20,45.10
03:00,9.25,35.73,9.97,43.71
03:15,9.12,35.23,10.00,44.68
03:30,8.99,34.71,9.98,41.91
03:45,8.86,34.17,8.66,32.92
04:00,8.74,33.62,8.17,28.46
04:15,8.61,33.05,7.87,24.73
04:30,8.49,32.46,7.29,20.91
04:45,8.37,31.85,7.30,21.11
05:00,8.25,31.24,7.38,20.60
05:15,8.13,30.66,6.82,16.72
05:30,8.07,30.27,6.69,15.31
05:45,8.01,29.93,6.32,14.34
06:00,7.96,29.62,6.58,15.03
06:15,7.92,29.33,6.72,16.25
06:30,7.88,29.07,6.82,17.21
06:45,7.84,28.84,6.92,17.46
07:00,7.80,28.58,7.23,18.53
07:15,7.75,28.24,6.26,13.51
07:30,7.68,27.84,5.69,10.45
07:45,7.61,27.39,6.08,11.99
08:00,7.53,26.92,5.89,11.53
08:15,7.47,26.47,5.97,11.46
08:30,7.40,26.06,5.43,9.18
08:45,7.34,25.67,5.12,7.65
09:00,7.28,25.28,5.21,7.84
09:15,7.22,24.89,4.77,6.32
09:30,7.17,24.59,4.82,5.99
09:45,7.15,24.43,4.53,5.29
10:00,7.15,24.38,4.47,4.69
10:15,7.16,24.42,4.58,5.27
10:30,7.17,24.51,4.41,4.76
10:45,7.20,24.62,4.51,5.07
11:00,7.17,24.56,4.76,5.79
11:15,7.14,24.53,4.74,6.07
11:30,7.12,24.54,4.69,5.52
11:45,7.12,24.65,4.72,5.60
12:00,7.14,24.85,4.46,5.09
12:15,7.16,25.10,4.57,5.64
12:30,7.19,25.42,5.24,8.28
12:45,7.23,25.80,6.21,13.12
13:00,7.28,26.23,6.20,13.08
13:15,7.33,26.68,7.10,19.70
13:30,7.44,27.32,7.45,22.21
13:45,7.54,27.94,7.02,19.46
14:00,7.65,28.55,7.24,20.56
14:15,7.74,29.07,8.05,26.51
14:30,7.80,29.47,8.09,27.39
14:45,7.87,29.83,8.14,26.55
15:00,7.89,30.01,8.82,31.63
15:15,7.89,30.08,9.62,39.06
15:30,7.87,30.07,9.36,35.90
15:45,7.84,29.97,9.31,36.52
16:00,7.80,29.81,8.87,33.24
16:15,7.75,29.56,8.92,33.91
16:30,7.69,29.22,10.22,42.50
16:45,7.61,28.80,10.19,41.94
17:00,7.52,28.30,10.38,42.55
17:15,7.41,27.64,10.53,44.95
17:30,7.29,26.88,9.73,39.57
17:45,7.15,25.95,9.63,34.71
18:00,6.99,24.85,9.69,39.11
18:15,6.81,23.69,9.23,35.53
18:30,6.65,22.56,8.43,29.40
18:45,6.50,21.50,7.38,21.03
19:00,6.36,20.62,7.15,20.47
19:15,6.22,19.77,7.78,24.16
19:30,6.08,18.94,7.58,21.50
19:45,5.95,18.20,7.42,20.70
20:00,5.85,17.61,7.28,19.54
20:15,5.77,17.19,6.69,15.12
20:30,5.71,16.90,6.99,16.84
20:45,5.66,16.66,7.58,21.72
21:00,5.61,16.40,6.25,12.62
21:15,5.54,16.11,6.84,16.39
21:30,5.48,15.70,7.19,18.29
21:45,5.42,15.30,7.51,21.42
22:00,5.35,14.89,7.03,18.31
22:15,5.26,14.40,7.74,21.53
22:30,5.14,13.76,6.95,16.11
22:45,4.98,12.99,6.68,15.85
23:00,5.06,13.22,6.65,14.80
23:15,5.11,13.33,5.60,9.18
23:30,5.13,13.33,4.81,6.08
23:45,5.12,13.20,4.95,6.23
20180815,短期预测风速(m/s),短期预测功率(MW),实测风速(m/s),实测功率(MW)
00:00,4.48,10.13,5.00,6.58
00:15,4.26,9.16,5.32,7.62
00:30,4.03,8.23,5.13,7.09
00:45,3.81,7.39,4.85,5.95
01:00,3.60,6.66,4.39,4.69
01:15,3.42,6.03,4.30,4.35
01:30,3.15,5.24,4.55,5.14
01:45,2.90,4.51,4.28,4.26
02:00,2.66,3.84,4.36,4.61
02:15,2.45,3.24,4.14,3.67
02:30,2.27,2.70,3.90,3.28
02:45,2.12,2.25,3.97,3.33
03:00,2.05,1.89,4.07,3.65
03:15,2.02,1.67,3.67,2.62
03:30,2.03,1.59,3.29,1.50
03:45,2.08,1.61,2.95,0.95
04:00,2.14,1.72,2.57,0.35
04:15,2.26,1.97,1.79,-0.06
04:30,2.41,2.34,1.38,-0.06
04:45,2.60,2.81,1.37,-0.06
05:00,2.82,3.37,1.31,-0.05
05:15,3.06,4.00,1.23,-0.05
05:30,3.28,4.65,1.89,-0.06
05:45,3.50,5.33,2.68,0.11
06:00,3.72,6.04,2.62,0.12
06:15,3.95,6.78,2.06,-0.04
06:30,4.19,7.59,1.65,-0.05
06:45,4.40,8.36,2.03,-0.06
07:00,4.47,8.68,2.60,0.14
07:15,4.52,8.92,2.40,0.02
07:30,4.55,9.06,2.49,0.12
07:45,4.55,9.11,2.33,0.07
08:00,4.52,9.02,2.71,0.41
08:15,4.46,8.80,2.63,0.42
08:30,4.37,8.50,2.86,0.79
08:45,4.27,8.14,3.13,1.12
09:00,4.14,7.72,3.08,1.31
09:15,4.00,7.26,3.25,1.47
09:30,3.97,7.12,3.81,2.74
09:45,3.92,6.93,4.34,4.14
10:00,3.85,6.70,4.80,5.62
10:15,3.77,6.42,4.64,5.02
10:30,3.68,6.11,4.46,4.36
10:45,3.58,5.77,4.13,3.55
11:00,3.36,5.12,3.65,2.41
11:15,3.12,4.43,3.29,1.74
11:30,2.88,3.75,2.46,0.57
11:45,2.67,3.13,2.57,0.56
12:00,2.49,2.57,2.68,0.80
12:15,2.32,2.07,2.55,0.71
12:30,2.18,1.64,2.38,0.23
12:45,2.07,1.30,1.93,0.12
13:00,1.97,1.03,1.81,0.01
13:15,1.91,0.84,2.04,0.08
13:30,1.96,0.98,2.41,0.56
13:45,2.05,1.22,2.14,0.29
14:00,2.15,1.51,2.34,0.27
14:15,2.25,1.80,2.16,0.35
14:30,2.34,2.09,2.45,0.41
14:45,2.43,2.36,3.12,1.55
15:00,2.51,2.58,2.92,1.15
15:15,2.58,2.80,3.04,1.77
15:30,2.67,3.06,3.11,1.20
15:45,2.77,3.35,3.73,2.49
16:00,2.89,3.67,3.58,2.42
16:15,3.00,4.00,4.37,4.27
16:30,3.12,4.33,3.25,2.33
16:45,3.23,4.64,3.68,1.99
17:00,3.32,4.90,4.36,4.06
17:15,3.39,5.09,4.26,3.90
17:30,3.44,5.27,4.50,4.79
17:45,3.47,5.37,3.98,3.20
18:00,3.48,5.40,3.85,3.05
18:15,3.46,5.34,3.14,1.39
18:30,3.42,5.20,3.14,1.61
18:45,3.34,4.98,3.88,2.98
19:00,3.24,4.76,3.86,2.94
19:15,3.12,4.48,3.65,2.37
19:30,2.99,4.17,3.51,2.44
19:45,2.87,3.88,3.09,1.32
20:00,2.76,3.63,2.92,0.92
20:15,2.66,3.41,2.80,0.40
20:30,2.57,3.20,2.98,0.86
20:45,2.48,3.01,2.45,0.36
21:00,2.39,2.82,2.68,0.60
21:15,2.30,2.66,3.34,1.49
21:30,2.23,2.43,4.69,5.23
21:45,2.18,2.26,4.92,5.87
22:00,2.15,2.17,5.27,6.99
22:15,2.14,2.17,5.02,6.30
22:30,2.16,2.23,5.10,6.91
22:45,2.20,2.36,4.91,6.02
23:00,2.36,2.85,4.46,4.91
23:15,2.54,3.38,4.21,4.08
23:30,2.75,3.98,4.23,4.20
23:45,2.97,4.64,3.81,3.02
20180816,短期预测风速(m/s),短期预测功率(MW),实测风速(m/s),实测功率(MW)
00:00,3.38,5.89,3.86,2.96
00:15,3.58,6.52,3.61,2.34
00:30,3.80,7.22,3.55,2.00
00:45,4.02,7.98,3.75,2.32
01:00,4.25,8.83,3.68,2.31
01:15,4.49,9.76,3.74,2.58
01:30,4.66,10.47,4.75,5.19
01:45,4.82,11.21,4.71,5.27
02:00,4.98,11.98,5.59,8.83
02:15,5.13,12.76,6.06,10.96
02:30,5.29,13.55,5.93,10.60
02:45,5.43,14.34,5.90,11.07
03:00,5.64,15.40,5.99,11.17
03:15,5.84,16.50,5.86,10.59
03:30,6.04,17.63,5.58,8.76
03:45,6.24,18.80,5.73,9.35
04:00,6.44,20.00,6.10,11.18
04:15,6.63,21.12,5.62,8.82
04:30,6.80,22.13,5.90,10.07
04:45,6.95,23.03,5.85,10.16
05:00,7.07,23.79,5.88,10.54
05:15,7.18,24.37,5.94,10.95
05:30,7.18,24.45,5.91,10.66
05:45,7.16,24.30,5.92,10.99
06:00,7.09,23.91,6.21,12.56
06:15,6.99,23.29,6.78,15.77
06:30,6.87,22.46,6.86,16.16
06:45,6.72,21.53,6.84,16.45
07:00,6.53,20.27,7.05,18.90
07:15,6.33,19.03,7.44,21.30
07:30,6.15,17.87,7.59,23.57
07:45,5.98,16.82,7.52,22.34
08:00,5.82,15.84,7.27,20.62
08:15,5.67,14.98,7.09,18.68
08:30,5.54,14.26,6.51,13.78
08:45,5.44,13.68,6.39,13.46
09:00,5.36,13.23,6.19,12.68
09:15,5.29,12.90,5.45,9.14
09:30,5.29,12.87,5.00,6.88
09:45,5.30,12.87,5.26,7.77
10:00,5.31,12.87,4.90,6.27
10:15,5.30,12.85,4.56,5.43
10:30,5.30,12.80,5.00,6.86
10:45,5.28,12.71,4.93,6.58
11:00,5.26,12.66,4.77,5.59
11:15,5.23,12.52,4.88,5.97
11:30,5.17,12.26,4.44,4.58
11:45,5.08,11.86,3.98,3.38
12:00,4.96,11.33,3.83,2.89
12:15,4.82,10.72,4.10,3.70
12:30,4.67,10.07,4.25,4.03
12:45,4.50,9.42,4.64,5.19
13:00,4.34,8.78,4.61,4.97
13:15,4.18,8.19,4.41,4.60
13:30,4.02,7.60,4.29,4.12
13:45,3.88,7.08,3.49,2.31
14:00,3.75,6.62,3.30,1.88
14:15,3.63,6.23,3.06,1.55
14:30,3.54,5.93,4.03,3.02
14:45,3.47,5.71,3.50,2.18
15:00,3.46,5.65,4.09,3.71
15:15,3.48,5.69,4.67,6.52
15:30,3.53,5.80,3.95,3.81
15:45,3.59,5.96,3.36,2.08
16:00,3.65,6.15,3.86,2.61
16:15,3.73,6.38,3.55,2.25
16:30,3.82,6.67,3.13,1.32
16:45,3.93,7.03,3.97,3.04
17:00,4.05,7.46,3.95,3.27
17:15,4.19,7.95,3.87,2.99
17:30,4.29,8.38,3.60,2.89
17:45,4.41,8.88,3.24,1.72
18:00,4.54,9.48,3.67,2.34
18:15,4.69,10.20,2.97,1.26
18:30,4.87,11.09,2.52,0.44
18:45,5.07,12.18,2.96,0.66
19:00,5.32,13.63,2.82,1.04
19:15,5.61,15.42,2.44,0.38
19:30,5.93,17.55,2.67,0.97
19:45,6.27,19.87,3.01,1.17
20:00,6.60,22.18,3.35,1.80
20:15,6.90,24.29,3.29,1.70
20:30,7.17,26.13,3.55,2.31
20:45,7.39,27.64,3.74,2.63
21:00,7.56,28.81,3.93,3.15
21:15,7.67,29.55,4.42,4.65
21:30,7.70,29.80,4.26,4.02
21:45,7.68,29.72,3.72,2.55
22:00,7.62,29.42,3.18,1.32
22:15,7.56,29.09,2.83,0.63
22:30,7.52,28.82,2.55,0.24
22:45,7.50,28.65,2.62,0.38
23:00,7.24,27.02,2.58,0.22
23:15,7.00,25.44,2.57,0.17
23:30,6.79,23.95,2.51,0.14
23:45,6.61,22.65,2.63,0.24
20180817,短期预测风速(m/s),短期预测功率(MW),实测风速(m/s),实测功率(MW)
00:00,6.10,16.99,4.97,5.80
00:15,5.80,14.88,5.05,6.20
00:30,5.53,12.88,5.01,6.57
00:45,5.27,11.06,5.71,10.01
01:00,5.02,9.37,5.16,7.06
01:15,4.79,7.88,4.49,4.78
01:30,4.80,6.78,4.86,5.71
01:45,4.89,5.65,4.47,4.77
02:00,5.06,4.37,4.01,3.99
02:15,5.29,5.29,3.87,3.49
02:30,5.55,6.53,4.33,4.24
02:45,5.81,8.20,4.80,6.07
03:00,5.95,10.06,4.77,5.49
03:15,6.09,12.02,5.29,7.20
03:30,6.25,13.87,5.63,8.79
03:45,6.40,15.54,5.71,9.17
04:00,6.55,17.09,5.46,8.34
04:15,6.66,18.60,5.50,8.49
04:30,6.73,19.96,5.26,7.12
04:45,6.75,21.21,4.04,3.52
05:00,6.73,22.30,3.78,2.69
05:15,6.69,21.78,3.07,1.41
05:30,6.72,21.37,2.49,0.37
05:45,6.71,20.82,2.75,0.43
06:00,6.66,20.12,2.74,0.56
06:15,6.56,19.24,3.21,1.30
06:30,6.42,18.21,3.32,1.71
06:45,6.29,17.33,3.26,1.66
07:00,6.22,16.78,3.26,1.65
07:15,6.17,16.26,3.68,2.51
07:30,6.13,15.87,4.05,3.52
07:45,6.10,15.52,4.11,3.72
08:00,6.07,15.13,3.92,3.31
08:15,6.05,15.17,4.03,3.61
08:30,6.02,15.02,4.63,5.00
08:45,5.99,14.59,5.24,7.28
09:00,5.97,13.95,5.36,7.54
09:15,5.95,13.70,5.31,7.58
09:30,5.88,13.22,5.16,6.94
09:45,5.82,12.57,5.11,6.85
10:00,5.77,12.07,5.12,6.78
10:15,5.73,11.92,5.01,6.46
10:30,5.69,11.98,5.34,7.58
10:45,5.66,11.93,5.41,7.58
11:00,5.64,12.04,4.79,5.69
11:15,5.63,12.17,4.54,4.75
11:30,5.62,12.21,3.95,3.16
11:45,5.60,12.23,3.74,2.81
12:00,5.59,12.20,3.06,1.32
12:15,5.56,12.29,2.95,1.09
12:30,5.53,12.52,2.98,1.12
12:45,5.52,12.84,2.86,0.91
13:00,5.52,13.22,2.70,0.77
13:15,5.54,13.71,3.09,1.31
13:30,5.55,14.01,3.45,1.97
13:45,5.58,14.19,3.82,2.79
14:00,5.60,14.32,4.78,5.78
14:15,5.60,14.19,5.14,7.86
14:30,5.60,14.06,5.75,9.70
14:45,5.59,13.95,4.67,5.75
15:00,5.53,13.81,5.39,8.07
15:15,5.45,13.72,4.43,4.57
15:30,5.34,13.56,3.44,2.43
15:45,5.21,13.33,3.11,1.62
16:00,5.07,13.09,2.89,1.16
16:15,4.93,12.79,3.11,1.56
16:30,4.79,12.46,3.00,1.37
16:45,4.66,12.07,2.01,0.21
17:00,4.54,11.63,2.05,0.14
17:15,4.42,11.28,3.00,0.97
17:30,4.35,10.98,3.29,2.00
17:45,4.29,10.71,3.46,2.12
18:00,4.29,10.55,3.10,1.31
18:15,4.42,10.76,3.67,2.86
18:30,4.70,11.32,3.68,2.15
18:45,5.08,12.14,4.18,3.79
19:00,5.52,13.07,6.29,11.88
19:15,5.96,14.09,7.88,21.72
19:30,6.35,15.05,8.18,24.38
19:45,6.73,16.01,8.75,28.33
20:00,7.18,17.10,8.05,23.13
20:15,7.59,18.43,13.85,49.57
20:30,7.95,19.58,14.46,37.19
20:45,8.19,20.39,14.84,37.47
21:00,8.28,20.74,14.64,36.99
21:15,8.24,20.45,16.06,36.52
21:30,8.13,20.41,16.16,36.33
21:45,7.99,20.73,15.86,37.55
22:00,7.87,21.07,15.47,36.88
22:15,7.75,21.33,16.13,41.80
22:30,7.52,21.43,14.53,40.55
22:45,7.30,21.51,15.14,39.15
23:00,7.20,21.73,14.48,40.86
23:15,7.13,22.31,14.88,41.03
23:30,7.10,22.86,14.60,41.81
23:45,7.10,23.44,13.15,41.70
20180818,短期预测风速(m/s),短期预测功率(MW),实测风速(m/s),实测功率(MW)
00:00,6.46,36.94,12.11,42.44
00:15,6.18,36.07,10.78,41.70
00:30,5.91,35.27,10.62,45.90
00:45,5.69,34.26,10.21,44.56
01:00,5.54,33.41,9.55,38.74
01:15,5.48,35.66,10.03,43.19
01:30,5.57,37.69,9.46,39.39
01:45,5.82,38.60,7.62,23.14
02:00,6.14,38.24,7.21,18.71
02:15,6.49,36.45,8.15,25.63
02:30,6.86,35.00,8.21,25.70
02:45,7.24,34.26,7.62,21.70
03:00,7.61,34.12,8.70,30.01
03:15,7.95,34.30,8.14,25.98
03:30,8.24,34.47,8.78,32.72
03:45,8.46,34.48,9.05,35.21
04:00,8.60,34.27,9.56,39.12
04:15,8.57,33.67,9.10,36.91
04:30,8.50,32.92,8.81,34.04
04:45,8.42,32.08,9.01,35.01
05:00,8.34,31.15,9.05,35.25
05:15,8.25,30.33,9.30,37.87
05:30,8.18,29.51,9.24,35.88
05:45,8.10,28.73,9.59,38.48
06:00,8.02,28.07,10.90,44.44
06:15,7.94,27.67,11.11,47.51
06:30,7.83,27.28,10.66,46.17
06:45,7.71,26.71,11.06,46.78
07:00,7.60,26.08,11.60,50.22
07:15,7.49,25.40,10.41,45.83
07:30,7.37,24.59,9.66,38.91
07:45,7.24,23.66,9.20,34.67
08:00,7.10,22.52,8.84,33.20
08:15,6.95,21.41,8.11,26.14
08:30,6.79,20.30,7.05,17.06
08:45,6.63,19.28,5.66,9.63
09:00,6.47,18.45,4.91,6.80
09:15,6.32,17.59,4.04,3.46
09:30,6.17,16.77,3.84,3.06
09:45,6.02,15.83,3.26,1.70
10:00,5.88,14.90,3.21,1.49
10:15,5.73,13.75,1.99,0.02
10:30,5.58,12.58,1.40,-0.05
10:45,5.44,11.74,1.49,-0.06
11:00,5.30,11.19,1.50,-0.06
11:15,5.17,10.56,1.58,-0.04
11:30,5.06,9.95,1.94,0.06
11:45,4.96,9.30,1.70,0.04
12:00,4.88,8.66,1.46,-0.04
12:15,4.81,8.12,1.58,-0.05
12:30,4.75,7.91,1.48,-0.03
12:45,4.69,7.90,1.45,-0.05
13:00,4.64,7.70,1.65,-0.03
13:15,4.61,7.25,1.78,-0.04
13:30,4.57,6.75,1.87,0.05
13:45,4.53,6.27,2.30,0.13
14:00,4.49,5.84,2.98,1.25
14:15,4.40,5.69,2.92,1.08
14:30,4.30,5.55,3.17,1.47
14:45,4.21,5.39,2.88,1.30
15:00,4.12,5.28,3.38,1.10
15:15,4.03,5.19,2.72,0.17
15:30,3.93,5.11,2.52,-0.08
15:45,3.84,5.02,3.58,2.58
16:00,3.75,4.91,4.19,3.92
16:15,3.67,4.79,4.41,5.02
16:30,3.61,4.63,4.80,5.68
16:45,3.61,4.50,3.04,0.59
17:00,3.62,4.39,3.53,-0.07
17:15,3.64,4.60,4.05,-0.07
17:30,3.71,4.85,4.23,-0.07
17:45,3.79,5.18,4.94,-0.06
18:00,3.88,5.56,5.27,-0.07
18:15,4.00,5.95,5.46,-0.07
18:30,4.13,6.36,5.95,3.85
18:45,4.26,6.84,6.43,12.67
19:00,4.39,7.40,5.42,7.48
19:15,4.53,8.00,5.61,8.71
19:30,4.67,8.62,6.00,9.90
19:45,4.77,9.20,5.41,7.18
20:00,4.84,9.81,6.31,11.91
20:15,4.92,10.31,4.83,5.21
20:30,5.00,10.87,5.22,7.77
20:45,5.08,11.47,5.56,8.57
21:00,5.16,12.10,5.47,7.76
21:15,5.24,12.73,5.69,9.26
21:30,5.31,13.32,5.75,9.47
21:45,5.38,13.88,5.74,9.47
22:00,5.43,14.42,6.37,12.64
22:15,5.47,14.96,6.02,10.75
22:30,5.45,15.33,5.91,10.02
22:45,5.38,15.44,5.82,9.57
23:00,5.25,15.37,4.75,5.34
23:15,5.06,13.50,4.49,4.63
23:30,4.86,11.72,3.60,2.29
23:45,4.60,9.97,3.42,1.55
20180819,短期预测风速(m/s),短期预测功率(MW),实测风速(m/s),实测功率(MW)
00:00,4.91,13.72,3.46,1.81
00:15,4.72,12.77,3.59,2.12
00:30,4.47,11.70,3.95,3.06
00:45,4.37,11.22,4.31,4.09
01:00,4.34,11.28,4.87,5.85
01:15,4.36,11.81,4.81,5.59
01:30,4.45,12.37,4.21,3.71
01:45,4.45,12.52,4.12,3.52
02:00,4.47,12.43,4.67,5.10
02:15,4.50,12.70,5.17,6.49
02:30,4.52,12.96,5.17,6.83
02:45,4.50,13.16,5.40,7.90
03:00,4.55,13.43,5.45,8.12
03:15,4.56,13.53,4.66,5.22
03:30,4.54,13.58,4.88,6.26
03:45,4.50,13.60,5.24,7.66
04:00,4.45,13.57,5.15,6.74
04:15,4.38,13.57,4.96,6.17
04:30,4.31,13.64,4.93,6.12
04:45,4.25,13.67,5.47,8.04
05:00,4.19,13.70,5.86,10.31
05:15,4.14,13.53,5.29,7.71
05:30,4.11,13.38,5.70,9.20
05:45,4.10,13.11,5.25,7.67
06:00,4.09,12.99,4.45,4.65
06:15,4.09,13.01,4.62,5.11
06:30,4.10,12.92,4.92,6.10
06:45,4.10,12.82,3.84,3.05
07:00,4.11,12.76,3.30,1.73
07:15,4.11,12.74,3.64,2.38
07:30,4.11,12.83,3.22,1.49
07:45,4.10,12.91,3.03,1.01
08:00,4.08,12.96,3.25,1.31
08:15,4.04,12.20,4.04,3.20
08:30,4.01,11.48,3.80,2.60
08:45,3.97,10.87,3.51,2.09
09:00,3.92,10.42,4.36,3.72
09:15,3.88,10.01,3.78,2.66
09:30,3.83,9.63,4.08,3.24
09:45,3.85,9.43,4.17,3.54
10:00,3.87,9.19,4.10,3.58
10:15,3.85,8.88,3.44,2.04
10:30,3.83,8.60,3.65,2.31
10:45,3.84,8.37,4.05,3.25
11:00,3.85,8.02,3.24,1.44
11:15,3.89,8.28,3.23,1.41
11:30,3.94,8.54,3.15,1.24
11:45,4.00,8.79,3.23,1.50
12:00,4.08,9.04,2.83,0.81
12:15,4.10,9.15,2.10,0.04
12:30,4.14,9.24,2.22,0.00
12:45,4.25,9.54,2.19,0.16
13:00,4.35,10.02,2.90,0.81
13:15,4.46,10.51,2.84,0.80
13:30,4.56,10.97,3.07,0.85
13:45,4.65,11.36,3.66,1.89
14:00,4.73,11.68,3.14,1.35
14:15,4.79,11.75,3.68,2.36
14:30,4.84,11.90,3.60,2.38
14:45,4.88,12.09,3.64,2.40
15:00,4.91,12.21,4.13,3.30
15:15,4.93,12.20,3.33,1.94
15:30,4.93,12.17,2.54,0.61
15:45,4.93,12.09,2.48,0.41
16:00,4.93,11.96,3.21,1.88
16:15,4.92,11.87,3.18,1.45
16:30,4.91,11.79,2.66,0.97
16:45,4.87,11.68,2.57,0.82
17:00,4.82,11.56,3.20,2.01
17:15,4.76,11.15,3.16,1.55
17:30,4.69,10.64,4.06,3.44
17:45,4.60,10.07,4.45,4.43
18:00,4.49,9.47,3.70,2.40
18:15,4.36,8.88,3.57,2.19
18:30,4.21,8.28,3.85,2.77
18:45,4.05,7.76,2.76,0.62
19:00,3.90,7.28,3.06,1.60
19:15,3.82,6.88,4.38,3.02
19:30,3.74,6.54,3.97,3.00
19:45,3.69,6.26,4.68,5.04
20:00,3.65,6.02,6.30,11.41
20:15,3.63,6.07,8.49,26.63
20:30,3.62,6.22,9.63,36.62
20:45,3.62,6.49,8.13,23.89
21:00,3.63,6.87,6.48,13.62
21:15,3.63,7.21,4.51,5.21
21:30,3.62,7.46,4.32,3.60
21:45,3.54,7.51,6.44,13.71
22:00,3.47,7.42,6.30,12.17
22:15,3.43,7.17,5.54,10.37
22:30,3.42,6.92,4.76,4.50
22:45,3.45,6.78,4.42,4.58
23:00,3.42,6.57,5.31,7.61
23:15,3.45,7.25,4.33,4.20
23:30,3.56,7.93,5.00,6.48
23:45,3.85,8.96,5.82,9.99
20180820,短期预测风速(m/s),短期预测功率(MW),实测风速(m/s),实测功率(MW)
00:00,3.07,4.88,7.37,18.82
00:15,3.32,5.37,6.19,11.75
00:30,3.72,6.14,5.99,10.26
00:45,4.21,6.92,7.51,20.98
01:00,4.71,8.66,8.40,27.60
01:15,5.14,12.51,8.00,24.99
01:30,5.51,16.29,7.56,21.22
01:45,5.83,19.19,7.24,18.01
02:00,6.11,21.12,6.82,15.41
02:15,6.36,21.10,7.51,20.80
02:30,6.58,20.88,7.90,21.95
02:45,6.72,20.63,8.38,27.76
03:00,6.78,20.39,7.71,21.25
03:15,6.77,20.32,8.00,25.56
03:30,6.75,20.30,8.46,29.15
03:45,6.73,20.45,8.38,28.08
04:00,6.71,20.76,8.32,27.52
04:15,6.70,21.13,8.19,26.23
04:30,6.69,21.36,8.29,27.01
04:45,6.68,21.45,8.28,25.49
05:00,6.68,21.40,8.24,28.16
05:15,6.68,20.96,8.48,29.34
05:30,6.68,20.59,9.72,38.41
05:45,6.67,20.91,9.63,39.98
06:00,6.67,21.56,8.23,26.56
06:15,6.67,21.85,8.35,26.58
06:30,6.68,22.01,6.95,14.17
06:45,6.70,22.26,6.15,11.46
07:00,6.74,22.49,5.79,9.38
07:15,6.75,22.70,3.11,1.37
07:30,6.73,22.76,2.39,0.65
07:45,6.69,22.70,2.39,0.92
08:00,6.64,22.68,6.99,15.12
08:15,6.57,21.82,6.41,13.66
08:30,6.47,20.88,6.20,12.74
08:45,6.36,20.01,6.03,11.52
09:00,6.24,19.17,6.18,12.26
09:15,6.09,18.13,6.89,15.82
09:30,5.93,17.10,7.86,21.20
09:45,5.79,16.32,8.43,28.50
10:00,5.66,15.67,8.28,26.90
10:15,5.53,14.90,8.66,29.29
10:30,5.41,14.03,7.66,22.49
10:45,5.30,13.24,7.92,24.61
11:00,5.20,12.46,8.40,28.87
11:15,5.09,11.88,7.00,18.83
11:30,4.99,11.31,5.28,8.58
11:45,4.90,10.84,4.90,6.64
12:00,4.81,10.32,3.08,1.35
12:15,4.71,9.82,1.84,-0.07
12:30,4.61,9.26,2.55,0.30
12:45,4.50,8.74,3.10,0.72
13:00,4.40,8.22,2.92,0.85
13:15,4.31,7.73,3.57,2.13
13:30,4.23,7.28,3.48,2.00
13:45,4.16,6.87,3.54,2.25
14:00,4.09,6.49,3.54,2.28
14:15,4.03,6.36,3.69,2.60
14:30,3.99,6.21,3.88,2.91
14:45,3.95,6.07,3.77,2.64
15:00,3.93,5.96,3.31,1.72
15:15,3.91,5.90,2.81,0.73
15:30,3.89,5.89,2.47,0.46
15:45,3.89,5.89,2.52,0.29
16:00,3.88,5.88,2.47,0.37
16:15,3.88,5.94,2.76,0.79
16:30,3.89,6.01,3.06,1.55
16:45,3.90,6.10,3.52,1.98
17:00,3.91,6.18,3.67,2.51
17:15,3.93,6.31,4.25,4.30
17:30,3.96,6.43,4.61,5.56
17:45,4.00,6.56,5.13,6.28
18:00,4.04,6.67,4.12,3.59
18:15,4.10,6.83,5.07,6.24
18:30,4.16,7.02,4.82,5.61
18:45,4.22,7.24,5.18,6.69
19:00,4.28,7.43,5.68,8.99
19:15,4.34,7.62,5.03,6.11
19:30,4.41,7.81,5.43,8.06
19:45,4.48,8.01,5.48,7.82
20:00,4.55,8.16,5.33,7.45
20:15,4.62,8.54,5.30,7.07
20:30,4.70,8.95,5.47,7.75
20:45,4.77,9.37,5.82,9.92
21:00,4.83,9.79,6.18,11.93
21:15,4.88,10.20,5.90,10.62
21:30,4.92,10.62,6.00,10.70
21:45,4.96,11.02,6.24,12.23
22:00,4.98,11.39,5.66,9.70
22:15,4.98,11.65,5.43,8.30
22:30,4.96,11.85,5.65,9.22
22:45,4.92,11.95,5.82,9.90
23:00,4.85,12.01,6.01,10.35
23:15,4.79,11.56,5.80,9.56
23:30,4.72,11.12,5.64,8.65
23:45,4.65,10.70,5.91,10.85
20180821,短期预测风速(m/s),短期预测功率(MW),实测风速(m/s),实测功率(MW)
00:00,3.89,7.57,7.06,16.42
00:15,3.86,7.59,7.03,16.62
00:30,3.84,7.60,6.97,15.62
00:45,3.81,7.62,6.23,11.18
01:00,3.79,7.66,5.59,8.89
01:15,3.81,7.67,5.09,7.27
01:30,3.83,7.70,4.60,5.52
01:45,3.85,7.73,3.90,3.09
02:00,3.88,7.79,3.16,1.73
02:15,3.89,7.57,3.46,2.23
02:30,3.91,7.33,3.97,3.36
02:45,3.93,7.13,3.76,3.00
03:00,3.94,7.08,3.57,2.42
03:15,3.96,7.07,3.31,1.75
03:30,3.98,7.02,2.75,0.77
03:45,4.02,7.14,1.82,0.03
04:00,4.07,7.31,2.06,0.06
04:15,4.11,7.58,2.11,0.11
04:30,4.14,7.81,1.91,-0.04
04:45,4.17,8.20,1.82,-0.06
05:00,4.17,8.55,1.57,-0.06
05:15,4.17,8.49,2.24,-0.03
05:30,4.16,8.32,1.33,-0.05
05:45,4.16,8.16,1.09,-0.05
06:00,4.14,7.96,1.32,-0.05
06:15,4.10,7.60,0.72,-0.05
06:30,4.03,7.24,0.58,-0.05
06:45,3.96,6.94,0.67,-0.05
07:00,3.89,6.68,1.05,-0.06
07:15,3.83,6.44,1.00,-0.06
07:30,3.79,6.24,1.39,-0.06
07:45,3.75,6.05,1.87,-0.06
08:00,3.74,5.91,2.35,-0.04
08:15,3.70,6.12,2.07,-0.05
08:30,3.67,6.34,2.40,-0.04
08:45,3.65,6.53,2.38,-0.02
09:00,3.65,6.63,2.37,0.02
09:15,3.67,6.73,2.10,-0.04
09:30,3.72,6.85,2.07,-0.03
09:45,3.78,7.01,2.60,0.23
10:00,3.79,7.11,3.70,2.18
10:15,3.80,7.24,4.02,2.87
10:30,3.82,7.53,4.29,3.64
10:45,3.84,7.81,4.23,3.49
11:00,3.85,8.03,4.17,3.33
11:15,3.87,7.84,3.77,2.49
11:30,3.87,7.61,3.51,1.97
11:45,3.86,7.30,3.61,2.29
12:00,3.81,6.92,3.77,2.64
12:15,3.75,6.40,3.07,1.43
12:30,3.71,5.97,2.57,0.48
12:45,3.66,5.56,2.62,0.57
13:00,3.59,5.23,2.40,0.36
13:15,3.51,5.00,2.16,0.16
13:30,3.41,4.80,1.87,0.09
13:45,3.30,4.64,3.15,1.20
14:00,3.18,4.54,3.67,1.73
14:15,3.06,4.50,3.66,2.33
14:30,2.95,4.51,3.25,1.24
14:45,2.86,4.55,4.70,5.57
15:00,2.79,4.61,4.17,3.80
15:15,2.73,4.67,4.47,4.19
15:30,2.69,4.72,5.27,8.03
15:45,2.66,4.74,4.71,6.01
16:00,2.64,4.75,5.51,8.48
16:15,2.66,4.73,5.72,10.09
16:30,2.69,4.70,5.44,8.09
16:45,2.74,4.66,6.06,11.96
17:00,2.81,4.59,5.34,8.59
17:15,2.88,4.52,5.13,9.00
17:30,2.97,4.48,5.90,12.23
17:45,3.06,4.50,6.29,12.86
18:00,3.16,4.60,5.05,8.68
18:15,3.26,4.77,5.64,9.33
18:30,3.37,5.01,5.23,7.85
18:45,3.46,5.26,5.60,9.09
19:00,3.54,5.51,6.25,11.24
19:15,3.59,5.71,7.76,21.32
19:30,3.61,5.88,8.40,26.49
19:45,3.61,6.00,7.12,16.72
20:00,3.59,6.05,6.22,11.56
20:15,3.56,5.67,9.29,33.67
20:30,3.52,5.32,9.11,33.32
20:45,3.48,5.02,6.77,14.63
21:00,3.44,4.79,5.52,8.69
21:15,3.38,4.60,8.36,27.53
21:30,3.31,4.49,8.66,31.55
21:45,3.23,4.45,9.99,40.75
22:00,3.16,4.44,9.50,37.62
22:15,3.10,4.42,8.96,32.16
22:30,3.06,4.39,8.70,29.36
22:45,3.03,4.37,8.38,27.57
23:00,3.01,4.35,7.82,22.66
23:15,2.99,4.44,7.50,19.85
23:30,2.99,4.52,6.74,15.39
23:45,3.01,4.56,5.92,10.66
20180822,短期预测风速(m/s),短期预测功率(MW),实测风速(m/s),实测功率(MW)
00:00,4.93,13.80,5.34,7.94
00:15,4.87,14.33,5.11,7.05
00:30,4.87,14.94,7.55,21.62
00:45,5.04,15.82,10.85,45.52
01:00,5.27,16.70,9.38,36.60
01:15,5.57,18.39,9.03,35.03
01:30,5.95,20.23,8.58,27.52
01:45,6.40,22.26,8.71,32.93
02:00,6.83,24.37,8.58,28.98
02:15,7.27,26.77,10.23,41.14
02:30,7.72,29.92,10.80,45.71
02:45,8.19,32.31,13.24,47.77
03:00,8.69,33.56,14.90,48.63
03:15,9.24,35.20,15.60,46.80
03:30,9.78,37.18,16.56,46.04
03:45,10.30,39.71,16.37,42.35
04:00,10.79,42.07,16.16,42.00
04:15,11.22,43.13,16.25,41.93
04:30,11.66,43.71,16.35,41.91
04:45,12.06,44.20,16.14,41.95
05:00,12.44,44.51,16.41,41.95
05:15,12.76,44.32,16.62,41.86
05:30,13.01,44.15,16.95,41.99
05:45,13.05,44.06,17.50,41.91
06:00,13.04,44.03,18.48,41.87
06:15,12.98,43.99,18.17,41.84
06:30,12.87,43.91,18.34,41.89
06:45,12.72,43.74,18.70,41.90
07:00,12.61,43.61,18.78,41.84
07:15,12.49,43.57,18.32,41.88
07:30,12.37,43.29,17.26,41.82
07:45,12.23,42.55,16.50,41.84
08:00,12.09,41.76,16.79,41.89
08:15,11.96,41.37,15.50,41.81
08:30,11.85,40.96,15.50,41.83
08:45,11.76,40.61,15.10,41.93
09:00,11.70,40.46,13.81,41.92
09:15,11.69,41.00,13.56,41.92
09:30,11.69,41.64,13.15,41.92
09:45,11.70,42.03,11.65,36.07
10:00,11.71,42.27,11.62,41.40
10:15,11.72,42.40,11.49,41.81
10:30,11.74,42.67,10.28,-0.11
10:45,11.73,42.72,10.67,-0.08
11:00,11.71,42.62,9.86,0.06
11:15,11.70,42.31,10.44,1.95
11:30,11.66,41.98,10.07,-0.05
11:45,11.61,41.67,10.50,-0.06
12:00,11.55,41.35,9.92,-0.05
12:15,11.47,41.03,10.55,-0.06
12:30,11.39,40.75,10.27,-0.05
12:45,11.31,40.54,10.41,-0.05
13:00,11.24,40.35,10.93,-0.05
13:15,11.19,40.12,10.27,-0.06
13:30,11.15,39.88,10.84,-0.06
13:45,11.11,39.70,11.06,-0.06
14:00,11.07,39.55,11.36,-0.07
14:15,11.07,39.80,11.98,-0.06
14:30,11.06,40.03,11.91,-0.06
14:45,11.05,40.30,11.60,-0.06
15:00,11.06,40.56,11.48,-0.06
15:15,11.08,40.68,10.99,-0.06
15:30,11.10,40.75,10.70,-0.05
15:45,11.14,40.91,10.13,-0.06
16:00,11.18,41.15,9.82,-0.05
16:15,11.21,41.37,9.30,-0.06
16:30,11.24,41.54,10.01,-0.06
16:45,11.25,41.66,10.09,-0.05
17:00,11.26,41.73,9.96,-0.06
17:15,11.27,41.57,10.02,-0.06
17:30,11.27,41.50,9.69,-0.07
17:45,11.28,41.45,10.03,-0.06
18:00,11.29,41.32,10.61,-0.06
18:15,11.30,41.19,10.83,-0.06
18:30,11.29,41.12,10.23,-0.06
18:45,11.27,41.16,10.76,-0.06
19:00,11.24,41.18,10.64,-0.06
19:15,11.22,41.10,10.17,-0.06
19:30,11.21,41.01,9.82,-0.06
19:45,11.22,40.91,9.85,-0.06
20:00,11.24,40.76,10.19,-0.06
20:15,11.26,40.76,10.06,-0.05
20:30,11.28,40.80,9.50,-0.04
20:45,11.31,40.84,9.25,-0.05
21:00,11.40,40.91,9.79,-0.04
21:15,11.51,41.01,9.51,-0.05
21:30,11.60,41.11,9.67,-0.05
21:45,11.66,41.18,9.45,-0.05
22:00,11.68,41.20,9.78,-0.06
22:15,11.67,41.16,10.16,-0.06
22:30,11.65,41.05,10.04,-0.05
22:45,11.61,40.87,9.62,-0.05
23:00,11.56,40.73,10.02,-0.05
23:15,11.50,40.61,10.07,-0.05
23:30,11.40,40.51,10.28,-0.05
23:45,11.29,40.26,10.23,-0.05
20180823,短期预测风速(m/s),短期预测功率(MW),实测风速(m/s),实测功率(MW)
00:00,12.81,43.76,9.79,-0.05
00:15,12.87,43.87,10.38,-0.05
00:30,12.94,43.97,11.25,-0.05
00:45,13.01,44.07,11.16,-0.05
01:00,13.09,44.15,10.89,-0.06
01:15,13.12,44.19,9.89,-0.05
01:30,13.10,44.24,9.57,-0.05
01:45,13.03,44.30,10.73,-0.05
02:00,12.90,44.38,10.51,-0.04
02:15,12.74,44.04,11.46,-0.05
02:30,12.50,43.58,13.16,-0.06
02:45,12.25,43.00,14.23,-0.06
03:00,11.96,42.27,13.57,-0.06
03:15,11.66,41.74,15.16,-0.05
03:30,11.35,41.12,12.16,-0.06
03:45,11.08,40.45,12.71,-0.05
04:00,10.86,39.75,11.84,-0.05
04:15,10.68,39.59,11.84,-0.05
04:30,10.54,39.45,10.56,-0.05
04:45,10.40,39.31,12.15,-0.05
05:00,10.32,39.21,12.86,-0.05
05:15,10.26,38.98,10.12,-0.06
05:30,10.23,38.78,8.22,-0.06
05:45,10.23,38.60,8.65,-0.06
06:00,10.23,38.42,8.93,-0.06
06:15,10.15,37.77,7.13,-0.06
06:30,10.05,37.07,6.41,-0.05
06:45,9.93,36.31,5.49,-0.05
07:00,9.81,35.52,6.05,-0.04
07:15,9.68,34.81,5.85,-0.05
07:30,9.54,34.06,5.61,-0.06
07:45,9.38,33.27,6.27,-0.05
08:00,9.19,32.39,6.09,-0.06
08:15,8.96,31.40,6.67,-0.06
08:30,8.73,30.36,5.60,-0.05
08:45,8.55,29.38,6.14,-0.06
09:00,8.38,28.38,6.38,-0.06
09:15,8.21,27.62,6.05,-0.05
09:30,8.05,26.86,5.80,-0.06
09:45,7.89,26.11,5.82,-0.06
10:00,7.75,25.35,5.52,-0.06
10:15,7.62,24.62,5.15,-0.06
10:30,7.52,23.92,5.07,-0.06
10:45,7.43,23.25,5.61,8.15
11:00,7.34,22.58,5.27,7.00
11:15,7.26,22.13,5.40,7.61
11:30,7.18,21.69,5.85,9.59
11:45,7.11,21.26,6.61,13.38
12:00,7.05,20.83,6.92,15.78
12:15,6.99,20.36,6.99,16.69
12:30,6.95,19.93,6.75,15.31
12:45,6.91,19.50,6.55,14.29
13:00,6.87,19.08,5.95,10.82
13:15,6.84,19.10,5.20,7.70
13:30,6.80,19.13,5.56,9.06
13:45,6.78,19.18,5.77,10.09
14:00,6.77,19.26,5.45,8.65
14:15,6.77,19.20,6.37,13.68
14:30,6.76,19.13,6.21,12.44
14:45,6.75,19.04,7.17,18.78
15:00,6.73,18.94,7.08,17.36
15:15,6.72,18.60,7.40,19.05
15:30,6.70,18.26,7.88,18.01
15:45,6.70,17.91,8.32,18.31
16:00,6.69,17.58,8.07,17.31
16:15,6.69,17.56,7.69,18.40
16:30,6.70,17.54,8.24,25.44
16:45,6.70,17.52,6.78,15.87
17:00,6.73,17.55,8.01,23.64
17:15,6.78,18.27,8.20,27.01
17:30,6.85,19.02,8.24,26.18
17:45,6.92,19.77,8.51,28.39
18:00,7.00,20.54,8.39,27.69
18:15,7.09,21.36,8.25,27.82
18:30,7.19,22.19,8.13,25.62
18:45,7.29,23.02,8.28,26.90
19:00,7.40,23.85,8.48,29.20
19:15,7.51,24.66,8.91,31.91
19:30,7.61,25.46,9.93,40.08
19:45,7.71,26.22,9.42,37.83
20:00,7.80,26.97,10.10,41.72
20:15,7.89,27.50,9.62,38.69
20:30,7.97,28.00,9.74,39.04
20:45,8.06,28.50,10.29,44.06
21:00,8.14,28.98,9.21,35.55
21:15,8.21,29.45,8.39,27.17
21:30,8.29,29.90,8.32,28.12
21:45,8.37,30.36,9.00,33.76
22:00,8.45,30.81,8.57,30.56
22:15,8.52,31.22,8.90,32.75
22:30,8.57,31.59,9.32,36.75
22:45,8.61,31.93,9.91,39.88
23:00,8.63,32.24,10.37,43.27
23:15,8.63,32.03,9.13,35.23
23:30,8.61,31.78,9.83,41.53
23:45,8.58,31.50,9.44,36.47
20180824,短期预测风速(m/s),短期预测功率(MW),实测风速(m/s),实测功率(MW)
00:00,8.41,32.10,9.83,40.28
00:15,8.39,31.83,10.40,44.17
00:30,8.37,31.55,10.22,42.32
00:45,8.35,31.26,9.92,40.70
01:00,8.32,30.95,9.92,40.28
01:15,8.28,30.57,9.35,37.38
01:30,8.16,30.04,9.02,33.64
01:45,8.03,29.47,8.86,32.39
02:00,7.88,28.88,9.07,33.56
02:15,7.72,27.75,9.48,36.09
02:30,7.56,26.57,8.84,31.92
02:45,7.39,25.37,7.63,20.89
03:00,7.21,24.12,6.73,14.01
03:15,7.03,22.89,6.25,11.51
03:30,6.84,21.64,6.11,11.70
03:45,6.68,20.42,6.23,11.90
04:00,6.52,19.22,6.01,10.90
04:15,6.40,18.19,6.16,12.20
04:30,6.31,17.24,6.12,11.81
04:45,6.26,16.35,5.94,10.61
05:00,6.23,15.51,6.33,12.02
05:15,6.24,15.85,6.78,14.45
05:30,6.27,16.24,6.98,16.63
05:45,6.32,16.67,7.10,18.03
06:00,6.38,17.14,6.87,16.23
06:15,6.47,17.62,6.96,16.44
06:30,6.57,18.14,7.08,17.52
06:45,6.67,18.65,7.26,17.87
07:00,6.76,19.14,7.27,17.96
07:15,6.82,19.60,6.82,15.37
07:30,6.87,20.01,6.69,14.16
07:45,6.88,20.37,6.55,13.25
08:00,6.88,20.69,6.29,12.23
08:15,6.86,20.26,6.45,12.74
08:30,6.83,19.81,6.01,10.57
08:45,6.79,19.34,5.70,9.38
09:00,6.74,18.84,5.22,7.31
09:15,6.68,18.57,5.08,7.13
09:30,6.61,18.28,4.66,5.78
09:45,6.55,18.00,4.63,5.42
10:00,6.49,17.74,4.76,5.51
10:15,6.45,17.52,4.87,5.96
10:30,6.42,17.32,5.26,7.16
10:45,6.39,17.13,5.71,8.85
11:00,6.36,16.93,5.78,8.57
11:15,6.33,16.82,5.43,7.88
11:30,6.29,16.70,5.83,9.66
11:45,6.27,16.61,5.90,9.73
12:00,6.25,16.51,5.69,9.23
12:15,6.21,16.37,6.20,11.42
12:30,6.17,16.21,6.01,11.07
12:45,6.11,16.03,6.38,12.87
13:00,6.05,15.83,6.41,12.84
13:15,5.98,15.58,6.36,12.73
13:30,5.92,15.32,5.98,10.05
13:45,5.85,15.07,5.52,8.20
14:00,5.79,14.82,5.54,8.48
14:15,5.70,14.46,5.43,8.00
14:30,5.61,14.10,5.60,9.48
14:45,5.53,13.75,5.70,9.36
15:00,5.44,13.40,5.48,8.78
15:15,5.36,13.09,5.64,9.65
15:30,5.28,12.78,5.67,9.30
15:45,5.20,12.49,5.61,9.22
16:00,5.12,12.19,5.89,9.92
16:15,5.04,11.91,5.55,8.67
16:30,4.96,11.63,5.00,6.69
16:45,4.88,11.36,5.34,8.13
17:00,4.81,11.09,5.66,10.83
17:15,4.74,10.77,5.68,9.08
17:30,4.67,10.46,5.04,7.07
17:45,4.61,10.16,4.97,6.40
18:00,4.55,9.87,4.88,5.92
18:15,4.49,9.54,3.96,3.25
18:30,4.43,9.22,4.18,4.22
18:45,4.37,8.90,5.08,6.84
19:00,4.31,8.60,3.39,2.02
19:15,4.26,8.29,4.86,5.21
19:30,4.22,8.00,5.12,7.02
19:45,4.20,7.75,5.51,8.30
20:00,4.18,7.51,4.44,4.82
20:15,4.19,7.65,5.02,5.99
20:30,4.20,7.80,5.25,7.09
20:45,4.22,7.97,5.34,7.41
21:00,4.25,8.15,5.09,6.52
21:15,4.28,8.40,5.05,6.22
21:30,4.32,8.67,4.85,6.05
21:45,4.36,8.94,4.70,5.29
22:00,4.39,9.22,4.54,4.77
22:15,4.41,9.45,4.50,4.70
22:30,4.42,9.67,4.71,5.03
22:45,4.42,9.87,4.11,3.28
23:00,4.40,10.05,3.76,2.60
23:15,4.39,9.89,3.53,2.11
23:30,4.36,9.72,3.30,1.74
23:45,4.34,9.55,2.75,0.58
20180825,短期预测风速(m/s),短期预测功率(MW),实测风速(m/s),实测功率(MW)
00:00,4.37,13.54,2.57,0.22
00:15,4.27,13.01,2.30,0.21
00:30,4.17,12.39,2.22,-0.00
00:45,4.07,11.69,1.73,-0.07
01:00,4.03,10.92,1.95,0.01
01:15,3.98,10.09,3.23,1.04
01:30,3.91,9.22,3.25,1.10
01:45,3.85,8.34,3.14,1.10
02:00,3.77,7.45,2.76,0.37
02:15,3.69,6.59,2.50,0.12
02:30,3.60,5.78,1.78,-0.02
02:45,3.52,5.06,1.88,-0.04
03:00,3.44,4.45,1.86,-0.05
03:15,3.37,3.94,2.10,-0.02
03:30,3.25,3.62,2.24,0.03
03:45,3.15,3.41,2.28,0.01
04:00,3.07,3.29,1.72,-0.01
04:15,3.01,3.23,1.94,-0.03
04:30,2.96,3.20,2.01,-0.03
04:45,2.94,3.20,2.67,0.54
05:00,2.93,3.22,2.79,0.38
05:15,2.93,3.24,2.92,0.76
05:30,2.93,3.26,3.26,1.29
05:45,2.94,3.27,3.36,1.44
06:00,2.93,3.29,3.05,0.97
06:15,2.93,3.30,2.84,0.79
06:30,2.91,3.30,2.86,0.91
06:45,2.88,3.29,2.97,0.95
07:00,2.84,3.29,2.80,0.77
07:15,2.79,3.29,2.63,0.60
07:30,2.71,3.30,2.50,0.19
07:45,2.62,3.34,2.54,0.09
08:00,2.52,3.43,2.43,0.07
08:15,2.39,3.59,1.72,-0.06
08:30,2.25,3.86,2.08,-0.04
08:45,2.10,4.24,2.26,-0.00
09:00,1.95,4.71,2.07,-0.06
09:15,1.80,5.26,2.31,-0.02
09:30,1.67,5.82,2.93,0.20
09:45,1.55,6.34,3.18,0.94
10:00,1.44,6.77,3.28,1.34
10:15,1.36,7.06,3.10,1.12
10:30,1.30,7.22,3.41,1.63
10:45,1.27,7.24,3.61,2.04
11:00,1.26,7.20,3.51,1.75
11:15,1.26,7.13,3.17,1.31
11:30,1.27,7.07,2.93,0.94
11:45,1.29,7.04,2.87,0.71
12:00,1.31,7.03,2.70,0.60
12:15,1.32,7.06,2.85,0.92
12:30,1.33,7.12,3.48,1.72
12:45,1.33,7.19,3.22,1.13
13:00,1.34,7.27,3.85,2.53
13:15,1.35,7.33,5.03,6.52
13:30,1.37,7.33,5.62,9.00
13:45,1.40,7.23,5.77,8.40
14:00,1.45,7.02,5.71,10.39
14:15,1.52,6.67,6.34,12.45
14:30,1.61,6.20,7.46,19.73
14:45,1.73,5.65,7.69,20.10
15:00,1.86,5.07,7.89,22.99
15:15,2.01,4.53,7.66,21.09
15:30,2.18,4.03,7.36,17.36
15:45,2.36,3.64,6.82,14.51
16:00,2.54,3.36,6.99,15.58
16:15,2.72,3.20,6.90,15.56
16:30,2.91,3.15,6.54,13.23
16:45,3.09,3.20,6.49,13.10
17:00,3.30,3.34,7.26,17.99
17:15,3.52,3.59,7.37,19.03
17:30,3.74,4.01,8.12,25.15
17:45,3.96,4.66,6.80,15.29
18:00,4.17,5.60,5.93,10.03
18:15,4.37,6.88,6.03,10.54
18:30,4.65,8.47,5.75,8.99
18:45,4.95,10.45,5.62,9.08
19:00,5.27,12.81,5.61,8.49
19:15,5.61,15.51,5.48,8.11
19:30,5.96,18.47,5.04,6.29
19:45,6.31,21.60,5.46,8.16
20:00,6.68,24.78,6.22,11.86
20:15,7.06,27.90,5.87,9.95
20:30,7.48,30.86,5.73,9.33
20:45,7.68,33.63,5.30,7.94
21:00,7.81,36.15,5.26,7.24
21:15,7.92,38.39,5.10,6.74
21:30,7.99,40.33,5.03,6.66
21:45,8.03,42.01,5.39,8.47
22:00,8.02,43.42,6.44,12.71
22:15,7.97,44.60,7.19,17.41
22:30,7.86,45.57,7.40,20.00
22:45,7.71,46.34,7.54,20.23
23:00,7.50,46.94,7.25,19.17
23:15,7.45,47.03,6.73,15.57
23:30,7.42,46.80,7.69,22.05
23:45,7.37,46.34,7.03,16.92
20180826,短期预测风速(m/s),短期预测功率(MW),实测风速(m/s),实测功率(MW)
00:00,7.50,45.41,6.61,14.22
00:15,7.60,44.30,6.01,10.63
00:30,7.68,43.02,5.13,6.88
00:45,7.75,41.57,4.68,5.66
01:00,7.81,39.96,4.75,6.13
01:15,7.85,38.23,5.51,8.49
01:30,7.90,36.40,5.73,9.45
01:45,7.96,34.51,5.57,9.08
02:00,7.97,32.61,5.79,9.72
02:15,7.95,30.75,5.86,10.32
02:30,7.73,28.96,6.16,11.77
02:45,7.52,27.25,6.11,11.57
03:00,7.30,25.59,5.45,8.82
03:15,7.09,24.03,5.61,8.48
03:30,6.80,22.55,5.61,8.65
03:45,6.53,21.16,5.48,8.17
04:00,6.26,19.86,5.16,7.38
04:15,5.99,18.62,5.14,7.01
04:30,5.72,17.44,4.88,5.79
04:45,5.45,16.32,4.60,5.34
05:00,5.16,15.24,4.61,5.06
05:15,4.89,14.22,4.27,3.98
05:30,4.61,13.22,3.99,3.02
05:45,4.34,12.28,3.91,2.86
06:00,4.15,11.34,3.96,2.99
06:15,4.04,10.43,3.93,2.75
06:30,3.94,9.55,3.72,2.12
06:45,3.83,8.72,3.55,1.89
07:00,3.73,7.92,4.41,4.03
07:15,3.63,7.15,4.35,4.45
07:30,3.54,6.41,4.16,3.87
07:45,3.45,5.69,4.30,4.02
08:00,3.34,5.01,3.30,1.84
08:15,3.24,4.38,3.16,1.57
08:30,3.11,3.86,3.24,1.54
08:45,2.90,3.59,3.06,1.22
09:00,2.69,3.49,2.73,0.83
09:15,2.48,3.58,2.65,0.58
09:30,2.29,3.82,2.43,0.30
09:45,2.10,4.20,1.84,0.00
10:00,1.94,4.63,0.67,-0.06
10:15,1.79,5.08,0.45,-0.06
10:30,1.67,5.49,0.92,-0.05
10:45,1.56,5.84,1.25,-0.06
11:00,1.48,6.11,1.72,-0.07
11:15,1.41,6.31,1.86,-0.04
11:30,1.37,6.47,1.64,-0.06
11:45,1.34,6.58,1.54,-0.05
12:00,1.33,6.66,1.27,-0.06
12:15,1.34,6.69,1.46,-0.05
12:30,1.35,6.69,1.44,-0.05
12:45,1.37,6.64,1.57,-0.03
13:00,1.41,6.52,1.58,0.01
13:15,1.47,6.32,1.63,0.05
13:30,1.54,6.06,1.53,-0.02
13:45,1.63,5.74,1.66,-0.05
14:00,1.74,5.36,1.64,-0.00
14:15,1.86,4.94,1.69,-0.03
14:30,2.00,4.52,1.66,-0.06
14:45,2.14,4.11,1.97,0.26
15:00,2.30,3.76,1.73,0.07
15:15,2.47,3.47,1.91,0.10
15:30,2.64,3.27,1.71,-0.00
15:45,2.81,3.15,1.94,0.06
16:00,2.97,3.12,1.61,-0.01
16:15,3.12,3.16,2.00,0.03
16:30,3.25,3.23,2.16,0.31
16:45,3.37,3.30,2.15,0.18
17:00,3.46,3.35,2.31,0.28
17:15,3.54,3.33,2.70,0.59
17:30,3.61,3.25,2.61,0.50
17:45,3.65,3.12,2.58,0.53
18:00,3.69,2.96,2.48,0.31
18:15,3.85,2.57,2.71,0.47
18:30,4.02,2.13,3.17,1.27
18:45,4.20,1.66,3.57,1.94
19:00,4.39,1.18,3.20,1.40
19:15,4.59,0.69,3.53,2.20
19:30,4.79,0.50,4.24,3.69
19:45,5.00,0.50,3.99,3.11
20:00,5.21,0.50,3.68,2.37
20:15,5.45,0.50,3.87,2.67
20:30,5.69,0.50,3.82,2.73
20:45,5.82,0.50,3.83,2.76
21:00,5.94,0.50,4.13,3.45
21:15,6.06,0.50,4.48,4.58
21:30,6.18,1.02,5.22,6.57
21:45,6.29,1.72,5.13,6.54
22:00,6.40,2.45,5.15,6.34
22:15,6.51,3.15,5.52,7.42
22:30,6.61,3.77,5.37,6.89
22:45,6.69,4.28,5.45,7.33
23:00,6.75,4.59,5.12,6.13
23:15,6.79,4.67,4.27,3.75
23:30,6.81,4.55,5.42,7.18
23:45,6.82,4.27,6.84,13.95
20180827,短期预测风速(m/s),短期预测功率(MW),实测风速(m/s),实测功率(MW)
00:00,8.05,27.55,7.66,19.14
00:15,8.08,27.30,8.03,22.43
00:30,8.10,27.21,9.36,34.08
00:45,8.13,27.38,9.73,36.67
01:00,8.14,27.70,9.83,36.67
01:15,8.15,27.97,9.44,35.11
01:30,8.15,28.26,9.21,32.88
01:45,8.14,28.50,9.50,34.34
02:00,8.12,28.60,9.50,36.94
02:15,8.09,28.15,8.65,30.21
02:30,8.05,27.57,8.16,25.59
02:45,8.00,26.93,7.61,20.54
03:00,7.93,26.18,6.63,14.21
03:15,7.84,25.57,4.55,4.94
03:30,7.75,24.95,3.56,2.32
03:45,7.67,24.38,3.30,1.98
04:00,7.60,23.85,2.99,1.16
04:15,7.54,23.21,3.46,2.25
04:30,7.51,22.54,2.97,1.03
04:45,7.48,21.96,3.11,1.36
05:00,7.44,21.82,3.56,2.01
05:15,7.40,22.04,4.14,3.39
05:30,7.36,22.09,4.22,3.93
05:45,7.32,21.68,7.46,19.39
06:00,7.28,21.01,6.84,14.14
06:15,7.25,20.46,6.05,10.16
06:30,7.21,20.12,6.10,10.66
06:45,7.16,19.87,5.58,8.36
07:00,7.12,19.45,5.71,8.62
07:15,7.07,19.20,6.00,9.83
07:30,7.01,19.11,4.79,5.32
07:45,6.95,19.29,4.32,4.25
08:00,6.86,19.32,4.44,4.42
08:15,6.75,18.52,5.21,6.67
08:30,6.73,17.68,5.64,8.97
08:45,6.69,16.76,5.61,8.53
09:00,6.65,15.78,4.67,5.16
09:15,6.59,14.48,5.30,7.27
09:30,6.53,13.43,5.49,8.05
09:45,6.48,12.45,4.41,4.40
10:00,6.44,11.30,4.59,4.69
10:15,6.41,11.28,4.45,4.27
10:30,6.38,11.52,4.11,3.68
10:45,6.33,12.25,5.05,6.41
11:00,6.16,13.16,4.91,5.69
11:15,5.94,13.18,5.12,6.04
11:30,5.69,12.42,4.29,3.86
11:45,5.43,11.14,3.85,3.37
12:00,5.16,9.76,4.38,4.56
12:15,4.88,8.62,3.88,2.90
12:30,4.58,7.69,3.69,2.61
12:45,4.29,7.00,4.92,6.02
13:00,4.01,6.45,5.32,7.17
13:15,3.82,6.02,6.14,10.69
13:30,3.73,5.74,6.18,11.28
13:45,3.72,5.58,5.44,8.10
14:00,3.81,5.57,6.30,11.12
14:15,3.99,6.86,6.32,11.46
14:30,4.28,8.57,6.54,12.84
14:45,4.62,10.67,7.27,16.19
15:00,5.02,13.16,8.06,16.87
15:15,5.47,15.96,8.40,17.12
15:30,5.96,18.88,9.22,16.63
15:45,6.45,21.74,8.93,16.32
16:00,6.79,24.15,8.69,15.07
16:15,7.14,26.52,9.34,15.28
16:30,7.43,28.73,10.74,14.06
16:45,7.66,30.76,12.14,15.25
17:00,7.82,32.59,13.88,17.71
17:15,7.95,33.16,14.48,20.05
17:30,8.05,33.72,15.07,19.33
17:45,8.13,34.16,14.16,20.77
18:00,8.20,34.67,14.35,20.78
18:15,8.26,35.21,14.31,24.05
18:30,8.43,35.69,14.58,24.24
18:45,8.59,36.07,14.78,27.23
19:00,8.74,36.50,14.80,33.69
19:15,8.88,37.12,14.75,41.56
19:30,9.01,37.72,14.32,42.88
19:45,9.14,38.31,14.38,46.29
20:00,9.27,39.04,14.31,48.00
20:15,9.38,39.61,14.02,48.08
20:30,9.46,40.11,13.63,47.07
20:45,9.51,40.54,13.20,47.43
21:00,9.54,40.89,13.41,47.47
21:15,9.55,41.00,12.45,44.77
21:30,9.56,41.02,12.64,42.15
21:45,9.55,40.99,12.10,42.97
22:00,9.53,40.95,11.60,45.15
22:15,9.49,40.88,11.45,48.25
22:30,9.43,40.74,10.74,41.97
22:45,9.34,40.59,10.42,44.66
23:00,9.24,40.44,9.93,39.59
23:15,9.14,39.77,10.07,41.28
23:30,9.04,39.18,10.24,42.45
23:45,8.95,38.68,10.94,46.94
20180828,短期预测风速(m/s),短期预测功率(MW),实测风速(m/s),实测功率(MW)
00:00,8.86,38.15,11.75,44.59
00:15,8.76,37.69,11.54,38.24
00:30,8.66,37.30,11.92,46.06
00:45,8.56,36.90,11.92,45.57
01:00,8.48,36.37,11.68,49.01
01:15,8.44,35.73,11.74,49.85
01:30,8.45,35.09,11.53,49.38
01:45,8.47,34.41,11.03,47.49
02:00,8.51,33.91,10.76,46.03
02:15,8.57,33.82,10.61,44.31
02:30,8.65,33.81,9.83,41.15
02:45,8.76,33.79,9.14,35.82
03:00,8.90,33.64,9.75,36.33
03:15,9.04,33.37,9.61,39.50
03:30,9.17,33.03,10.70,43.84
03:45,9.27,32.70,10.89,46.14
04:00,9.36,32.41,10.25,43.14
04:15,9.43,32.31,9.34,37.55
04:30,9.48,32.66,8.74,31.73
04:45,9.53,32.67,7.78,22.22
05:00,9.57,32.33,6.75,15.23
05:15,9.48,31.97,6.16,12.74
05:30,9.37,31.74,5.78,10.37
05:45,9.25,31.45,5.93,11.11
06:00,9.12,30.99,6.78,15.37
06:15,8.98,30.20,7.31,19.15
06:30,8.83,29.31,7.56,21.48
06:45,8.66,28.41,6.89,17.40
07:00,8.47,27.39,6.36,13.18
07:15,8.24,26.37,5.03,7.29
07:30,7.97,25.51,4.30,4.40
07:45,7.78,24.54,4.42,4.57
08:00,7.59,23.56,5.61,8.88
08:15,7.39,22.43,5.38,8.29
08:30,7.17,21.01,5.13,7.15
08:45,6.99,19.72,5.01,6.37
09:00,6.78,18.66,4.46,4.70
09:15,6.54,17.19,4.63,5.26
09:30,6.27,15.16,4.82,5.68
09:45,6.00,12.59,4.61,5.33
10:00,5.73,9.98,4.33,4.23
10:15,5.44,8.22,3.93,3.01
10:30,5.14,7.17,3.36,1.85
10:45,4.86,6.60,2.51,0.32
11:00,4.59,5.95,2.19,0.25
11:15,4.28,5.60,0.90,-0.05
11:30,4.00,5.31,0.92,-0.06
11:45,3.76,5.13,1.58,-0.07
12:00,3.56,5.00,1.07,-0.06
12:15,3.40,4.86,0.90,-0.05
12:30,3.26,4.72,1.15,-0.06
12:45,3.14,4.66,1.27,-0.06
13:00,3.05,4.61,1.14,-0.06
13:15,2.99,4.58,1.07,-0.05
13:30,2.92,4.57,1.24,-0.06
13:45,2.87,4.57,1.80,-0.06
14:00,2.82,4.59,1.80,-0.00
14:15,2.78,4.61,2.02,0.13
14:30,2.75,4.64,2.87,0.94
14:45,2.71,4.67,3.47,1.85
15:00,2.68,4.71,3.99,3.36
15:15,2.65,4.76,4.35,4.32
15:30,2.62,4.83,4.22,4.03
15:45,2.58,4.94,4.63,4.90
16:00,2.54,5.05,4.52,4.89
16:15,2.51,5.16,4.26,3.89
16:30,2.49,5.25,3.98,3.08
16:45,2.47,5.35,3.56,2.26
17:00,2.48,5.42,3.17,1.34
17:15,2.50,5.30,3.05,1.17
17:30,2.53,5.17,2.88,0.84
17:45,2.58,5.02,2.57,0.39
18:00,2.64,4.87,2.51,0.37
18:15,2.71,4.73,2.73,0.56
18:30,2.79,4.61,2.71,0.68
18:45,2.88,4.52,2.56,0.51
19:00,2.96,4.45,2.76,0.70
19:15,3.04,4.42,2.54,0.38
19:30,3.11,4.43,2.22,0.09
19:45,3.17,4.48,2.12,-0.04
20:00,3.22,4.57,2.30,-0.00
20:15,3.28,4.56,2.33,-0.01
20:30,3.33,4.53,2.64,0.31
20:45,3.38,4.53,2.57,0.24
21:00,3.42,4.58,2.55,0.21
21:15,3.47,4.59,2.24,-0.01
21:30,3.50,4.62,1.47,-0.04
21:45,3.52,4.68,1.20,-0.05
22:00,3.55,4.76,1.29,-0.05
22:15,3.56,4.80,1.62,-0.05
22:30,3.55,4.81,1.81,-0.06
22:45,3.54,4.78,1.88,-0.06
23:00,3.52,4.72,1.74,-0.05
23:15,3.51,4.64,0.98,-0.05
23:30,3.50,4.58,0.51,-0.05
23:45,3.50,4.57,0.44,-0.05
20180829,短期预测风速(m/s),短期预测功率(MW),实测风速(m/s),实测功率(MW)
00:00,1.81,6.32,0.84,-0.05
00:15,1.83,6.27,0.83,-0.05
00:30,1.84,6.22,0.99,-0.05
00:45,1.87,6.16,1.16,-0.05
01:00,1.89,6.08,1.12,-0.06
01:15,1.93,6.00,1.26,-0.06
01:30,1.98,5.90,1.03,-0.05
01:45,2.04,5.79,0.84,-0.05
02:00,2.10,5.69,0.50,-0.05
02:15,2.17,5.44,0.63,-0.05
02:30,2.25,5.21,0.89,-0.05
02:45,2.33,5.05,1.30,-0.05
03:00,2.41,4.96,1.52,-0.06
03:15,2.49,4.95,1.74,-0.06
03:30,2.57,4.96,1.17,-0.05
03:45,2.65,4.98,1.33,-0.05
04:00,2.71,4.98,1.63,-0.06
04:15,2.76,4.99,1.15,-0.05
04:30,2.79,5.01,0.85,-0.05
04:45,2.82,5.03,0.41,-0.05
05:00,2.84,5.05,0.46,-0.05
05:15,2.85,5.08,0.70,-0.05
05:30,2.85,5.09,1.46,-0.06
05:45,2.84,5.09,1.61,-0.06
06:00,2.81,5.06,1.14,-0.05
06:15,2.77,5.03,1.11,-0.05
06:30,2.74,5.01,1.00,-0.05
06:45,2.72,5.02,0.43,-0.05
07:00,2.70,5.05,0.47,-0.05
07:15,2.68,5.03,0.43,-0.05
07:30,2.65,4.97,0.26,-0.05
07:45,2.61,4.88,0.50,-0.05
08:00,2.57,4.82,0.83,-0.05
08:15,2.55,4.83,1.37,-0.05
08:30,2.55,4.93,2.12,-0.01
08:45,2.56,5.07,2.79,0.45
09:00,2.58,5.17,2.82,0.56
09:15,2.61,5.12,3.37,1.43
09:30,2.64,5.07,2.95,0.74
09:45,2.70,5.03,2.64,0.39
10:00,2.77,5.04,2.53,0.20
10:15,2.86,5.10,2.79,0.48
10:30,2.97,5.21,1.99,-0.02
10:45,3.07,5.36,1.09,-0.05
11:00,3.18,5.53,1.00,-0.06
11:15,3.27,5.72,1.30,-0.06
11:30,3.34,5.92,1.43,-0.06
11:45,3.41,6.10,1.43,-0.06
12:00,3.45,6.21,1.37,-0.06
12:15,3.46,6.17,1.38,-0.06
12:30,3.45,6.05,1.45,-0.06
12:45,3.43,5.88,1.70,-0.04
13:00,3.40,5.72,1.88,0.13
13:15,3.39,5.59,2.02,0.08
13:30,3.40,5.52,2.47,0.59
13:45,3.44,5.51,2.67,0.53
14:00,3.48,5.53,3.13,1.33
14:15,3.53,5.67,3.02,1.43
14:30,3.62,6.04,3.12,1.33
14:45,3.76,6.79,3.81,3.25
15:00,3.95,8.10,4.62,5.37
15:15,4.18,10.07,4.95,7.06
15:30,4.53,12.38,3.78,3.32
15:45,4.87,14.62,4.51,4.85
16:00,5.20,17.21,4.88,6.41
16:15,5.48,19.62,4.84,6.12
16:30,5.73,21.23,4.44,4.86
16:45,5.92,22.25,4.27,4.57
17:00,6.05,22.53,4.14,3.35
17:15,6.18,22.10,4.38,5.20
17:30,6.28,21.36,4.61,4.57
17:45,6.35,19.67,4.88,6.51
18:00,6.28,18.09,4.50,5.18
18:15,6.20,19.01,4.81,5.92
18:30,6.10,19.89,4.77,6.29
18:45,6.02,19.18,5.54,8.39
19:00,5.98,18.88,5.28,7.96
19:15,6.00,19.09,5.42,8.23
19:30,6.09,19.36,5.22,7.21
19:45,6.18,19.58,5.13,6.94
20:00,6.26,19.89,5.14,7.21
20:15,6.38,21.24,5.64,9.02
20:30,6.52,22.73,6.09,11.42
20:45,6.68,24.18,6.49,13.90
21:00,6.87,25.57,6.33,12.38
21:15,7.08,26.82,6.50,13.42
21:30,7.32,28.07,6.12,11.17
21:45,7.43,28.96,6.48,13.40
22:00,7.53,29.75,6.34,13.16
22:15,7.61,30.68,6.97,16.67
22:30,7.66,31.45,7.62,20.60
22:45,7.70,32.13,7.95,22.44
23:00,7.73,32.79,8.23,26.28
23:15,7.75,32.76,8.49,27.75
23:30,7.75,32.69,8.67,29.83
23:45,7.73,32.54,9.39,34.34
20180830,短期预测风速(m/s),短期预测功率(MW),实测风速(m/s),实测功率(MW)
00:00,6.23,21.46,7.91,23.66
00:15,6.28,21.39,6.69,15.25
00:30,6.33,21.49,6.63,14.25
00:45,6.39,22.03,6.91,16.01
01:00,6.48,22.74,7.02,16.47
01:15,6.60,23.64,7.82,22.77
01:30,6.75,24.40,8.25,27.67
01:45,6.92,25.21,8.21,26.87
02:00,7.13,26.83,8.56,30.65
02:15,7.36,29.01,8.45,28.83
02:30,7.61,30.34,7.99,24.03
02:45,7.85,31.79,8.08,24.79
03:00,7.90,32.59,9.93,27.36
03:15,7.97,33.02,14.37,25.41
03:30,8.02,33.70,17.43,24.11
03:45,8.05,34.32,19.42,23.50
04:00,8.08,35.12,20.84,24.02
04:15,8.10,36.03,19.33,3.62
04:30,8.07,36.65,19.69,25.06
04:45,8.04,37.02,19.90,23.52
05:00,8.01,37.27,20.34,16.03
05:15,7.99,37.28,20.38,3.06
05:30,8.16,37.76,20.73,3.85
05:45,8.32,38.02,20.72,2.27
06:00,8.48,38.31,19.30,10.42
06:15,8.62,38.55,18.66,26.59
06:30,8.75,38.77,17.22,25.70
06:45,8.88,38.99,15.84,25.44
07:00,9.05,39.26,17.02,25.73
07:15,9.22,39.60,16.73,24.46
07:30,9.36,39.86,16.81,30.95
07:45,9.48,40.02,15.53,34.48
08:00,9.56,40.08,14.98,27.67
08:15,9.62,39.85,13.94,42.33
08:30,9.66,39.49,12.16,40.54
08:45,9.69,39.24,11.08,46.41
09:00,9.71,39.01,10.18,44.12
09:15,9.71,38.42,9.98,37.23
09:30,9.66,37.67,9.13,35.67
09:45,9.57,36.78,8.80,33.00
10:00,9.47,35.89,8.62,30.31
10:15,9.33,34.93,8.50,30.25
10:30,9.20,34.08,8.01,24.54
10:45,9.06,33.31,7.92,24.07
11:00,8.91,32.58,8.11,26.09
11:15,8.74,32.10,7.68,21.52
11:30,8.58,31.51,,
11:45,8.41,30.79,,
12:00,8.25,30.00,,
12:15,8.09,29.26,,
12:30,7.93,28.51,,
12:45,7.80,27.82,,
13:00,7.66,27.18,,
13:15,7.53,26.47,,
13:30,7.40,25.79,,
13:45,7.28,25.11,,
14:00,7.17,24.44,,
14:15,7.07,24.03,,
14:30,6.98,23.64,,
14:45,6.89,23.25,,
15:00,6.81,22.83,,
15:15,6.74,22.37,,
15:30,6.68,21.87,,
15:45,6.62,21.33,,
16:00,6.56,20.79,,
16:15,6.51,20.34,,
16:30,6.48,19.86,,
16:45,6.44,19.40,,
17:00,6.42,19.01,,
17:15,6.42,19.20,,
17:30,6.42,19.45,,
17:45,6.44,19.74,,
18:00,6.46,20.09,,
18:15,6.51,20.49,,
18:30,6.56,20.87,,
18:45,6.61,21.20,,
19:00,6.66,21.52,,
19:15,6.71,21.86,,
19:30,6.75,22.20,,
19:45,6.80,22.55,,
20:00,6.85,22.91,,
20:15,6.91,23.46,,
20:30,6.96,24.00,,
20:45,7.02,24.49,,
21:00,7.08,24.96,,
21:15,7.15,25.37,,
21:30,7.23,25.86,,
21:45,7.31,26.38,,
22:00,7.39,26.94,,
22:15,7.47,27.50,,
22:30,7.52,28.00,,
22:45,7.56,28.44,,
23:00,7.58,28.80,,
23:15,7.58,28.71,,
23:30,7.56,28.53,,
23:45,7.53,28.25,,
